song_name,segment,rig,mean_intensity_corr,peak_intensity_corr,dynamic_range_corr,hue_corr,sat_corr,unique_positions
AKA_AKA_Junge_Junge_-_Vallut_Bass,01_intro,direct_club,0.47250921363391774,0.25866937194581646,0.20366501461570222,0.6376378950005915,0.8000000000000002,8
AKA_AKA_Junge_Junge_-_Vallut_Bass,01_intro,club,0.9781882028697256,0.8527375230584345,0.8549660990582932,0.5924819224927819,0.8000000000000002,8
AKA_AKA_Junge_Junge_-_Vallut_Bass,01_intro,concert,0.993987489779558,0.9969342540468396,0.9969332151567674,0.7200189823594748,0.8000000000000002,19
AKA_AKA_Junge_Junge_-_Vallut_Bass,01_intro,led_bars,0.9848880235374392,0.999934417420298,0.9999314705177741,0.7748534952846752,0.8000000000000002,21
AKA_AKA_Junge_Junge_-_Vallut_Bass,01_intro,reference,1.0,1.0,1.0,1.0,1.0,33
AKA_AKA_Junge_Junge_-_Vallut_Bass,02_intro,direct_club,0.48927531433283517,0.38007702311690617,0.2540355628993553,0.6933844195393397,0.3198378311970838,8
AKA_AKA_Junge_Junge_-_Vallut_Bass,02_intro,club,0.9816148690270502,0.8370498497716965,0.8387622464801412,0.7006641917528312,0.382610541349565,8
AKA_AKA_Junge_Junge_-_Vallut_Bass,02_intro,concert,0.9950178567928155,0.9972884004436433,0.9970478067872742,0.8447582207849678,0.3085497344551115,19
AKA_AKA_Junge_Junge_-_Vallut_Bass,02_intro,led_bars,0.9876274901877834,0.9999453750272725,0.9999413000185617,0.8929360668072516,0.27000499443945897,21
AKA_AKA_Junge_Junge_-_Vallut_Bass,02_intro,reference,1.0,0.9999999999999999,0.9999999999999999,1.0,1.0,33
AKA_AKA_Junge_Junge_-_Vallut_Bass,03_intro,direct_club,0.274250445181246,0.18096969369588914,0.4955293871434983,0.9333333333333332,0.8666666666666667,8
AKA_AKA_Junge_Junge_-_Vallut_Bass,03_intro,club,0.6488648441107113,0.5230452486238928,0.8598337327837974,1.0,0.8666666666666667,8
AKA_AKA_Junge_Junge_-_Vallut_Bass,03_intro,concert,0.6617425395553819,0.6639043712605027,0.9972281135472381,1.0,0.8666666666666667,19
AKA_AKA_Junge_Junge_-_Vallut_Bass,03_intro,led_bars,0.6543727575469257,0.6666123449095751,0.9999418853602385,1.0,0.8666666666666667,21
AKA_AKA_Junge_Junge_-_Vallut_Bass,03_intro,reference,1.0,0.9999999999999999,0.9999999999999999,1.0,1.0,33
AKA_AKA_Junge_Junge_-_Vallut_Bass,04_verse,direct_club,0.27423584034682547,0.1809696936958892,0.4955236438446686,1.0,0.8666666666666667,8
AKA_AKA_Junge_Junge_-_Vallut_Bass,04_verse,club,0.6488628224319296,0.5230452486238928,0.859865003493038,1.0,0.8666666666666667,8
AKA_AKA_Junge_Junge_-_Vallut_Bass,04_verse,concert,0.6617482623968051,0.6639043712605028,0.9972281135472381,1.0,0.8666666666666667,19
AKA_AKA_Junge_Junge_-_Vallut_Bass,04_verse,led_bars,0.65438111641658,0.6666123449095751,0.9999418853602386,1.0,0.8666666666666667,21
AKA_AKA_Junge_Junge_-_Vallut_Bass,04_verse,reference,1.0,1.0,1.0,1.0,1.0,33
AKA_AKA_Junge_Junge_-_Vallut_Bass,05_chorus,direct_club,0.5558643002176368,0.08849683806722557,0.4182673418768898,0.8739667647608318,0.8000000000000002,8
AKA_AKA_Junge_Junge_-_Vallut_Bass,05_chorus,club,0.8492230533007076,0.9360193447107964,0.9373642657783877,0.9189707041435754,0.8000000000000002,8
AKA_AKA_Junge_Junge_-_Vallut_Bass,05_chorus,concert,0.9967024048157378,0.9988249297950005,0.9988214465440336,0.9764517652455712,0.8000000000000002,19
AKA_AKA_Junge_Junge_-_Vallut_Bass,05_chorus,led_bars,0.9925530181646743,0.9999745935548289,0.9999730978033293,0.9830861056492161,0.8000000000000002,21
AKA_AKA_Junge_Junge_-_Vallut_Bass,05_chorus,reference,1.0,1.0,1.0,1.0,1.0,33
Ariana_Grande_-_Into_You,02_verse,direct_club,0.40864272857666,0.28547615977281693,0.24942131829471356,0.7367350061023518,0.8000000000000002,8
Ariana_Grande_-_Into_You,02_verse,club,0.9737302667807795,0.7867308153085041,0.792074854377975,0.8745487195196217,0.8000000000000002,8
Ariana_Grande_-_Into_You,02_verse,concert,0.9925228550333528,0.9962041042238737,0.9961913743606153,0.8885528403440645,0.8000000000000002,19
Ariana_Grande_-_Into_You,02_verse,led_bars,0.9821228315001292,0.9999300526742773,0.9999261222288715,0.8837397199994866,0.8000000000000002,21
Ariana_Grande_-_Into_You,02_verse,reference,1.0,1.0,1.0,1.0,1.0,33
Ariana_Grande_-_Into_You,03_verse,direct_club,0.43166549674119287,0.2950592253862609,0.249598880330841,0.7863369156562223,0.8000000000000002,8
Ariana_Grande_-_Into_You,03_verse,club,0.9709576110312849,0.8087193295050921,0.8128635175785321,0.827221361891537,0.8000000000000002,8
Ariana_Grande_-_Into_You,03_verse,concert,0.9919576757214003,0.9966066191371793,0.9966035042402842,0.8963177665622514,0.8000000000000002,19
Ariana_Grande_-_Into_You,03_verse,led_bars,0.9802064471715916,0.9999235055516604,0.9999185297256927,0.910748246812258,0.8000000000000002,21
Ariana_Grande_-_Into_You,03_verse,reference,1.0,0.9999999999999999,0.9999999999999999,1.0,1.0,33
Ariana_Grande_-_Into_You,04_verse,direct_club,0.4082085619488422,0.2743168135112632,0.2354977410150083,0.5956526857401526,0.8000000000000002,8
Ariana_Grande_-_Into_You,04_verse,club,0.9727656445939669,0.7761063092989126,0.7817578692125956,0.7639864503979599,0.8000000000000002,8
Ariana_Grande_-_Into_You,04_verse,concert,0.9926115157531571,0.9963149376579065,0.9963107677506345,0.8513519449222785,0.8000000000000002,19
Ariana_Grande_-_Into_You,04_verse,led_bars,0.9813147208124736,0.9999270591133929,0.9999228132416436,0.8579110733664431,0.8000000000000002,21
Ariana_Grande_-_Into_You,04_verse,reference,1.0,1.0,1.0,1.0,1.0,33
Ariana_Grande_-_Into_You,05_chorus,direct_club,0.6094607625127337,0.1849443428054264,0.48993417367832376,0.7914710205637397,0.8000000000000002,8
Ariana_Grande_-_Into_You,05_chorus,club,0.9816788936227437,0.5261695490688192,0.8625734008886695,0.7997584261660041,0.8000000000000002,8
Ariana_Grande_-_Into_You,05_chorus,concert,0.9950092831819433,0.664253550433071,0.9975841248581783,0.8640069179285647,0.8000000000000002,19
Ariana_Grande_-_Into_You,05_chorus,led_bars,0.3207074926136085,0.6666139547779361,0.9999442858865392,0.8706529859812138,0.8000000000000002,21
Ariana_Grande_-_Into_You,05_chorus,reference,0.9999999999999999,1.0,1.0,1.0,1.0,33
Ariana_Grande_-_Into_You,06_chorus,direct_club,0.43161891843667083,0.2949918645046747,0.24963324908226914,0.6060530530074085,0.8000000000000002,8
Ariana_Grande_-_Into_You,06_chorus,club,0.9709327550438984,0.8085589245127407,0.8126322114382831,0.6013119312291603,0.8000000000000002,8
Ariana_Grande_-_Into_You,06_chorus,concert,0.9919461877402481,0.9966092386359983,0.996606962376473,0.756078036614325,0.8000000000000002,19
Ariana_Grande_-_Into_You,06_chorus,led_bars,0.9802237968444126,0.999921998687674,0.9999176666786335,0.7901586987312705,0.8000000000000002,21
Ariana_Grande_-_Into_You,06_chorus,reference,1.0,0.9999999999999999,0.9999999999999999,1.0,1.0,33
Avicii_-_Levels_-_Radio_Edit,02_intro,direct_club,0.4630992228427206,0.2579294241721905,0.2162194076230977,0.6476762105161487,0.8000000000000002,8
Avicii_-_Levels_-_Radio_Edit,02_intro,club,0.9763581832980964,0.8422087863469859,0.8451074180859495,0.7228025805598254,0.8000000000000002,8
Avicii_-_Levels_-_Radio_Edit,02_intro,concert,0.993357719555881,0.996744562184119,0.996742392110161,0.8160319779008228,0.8000000000000002,19
Avicii_-_Levels_-_Radio_Edit,02_intro,led_bars,0.9827878378580118,0.9999324763973965,0.9999299465427444,0.8402936637429964,0.8000000000000002,21
Avicii_-_Levels_-_Radio_Edit,02_intro,reference,1.0,1.0,1.0,1.0,1.0,33
Avicii_-_Levels_-_Radio_Edit,03_chorus,direct_club,0.1353327204371953,0.09393789334238162,0.7494113485296854,0.8014310622669566,0.9333333333333332,8
Avicii_-_Levels_-_Radio_Edit,03_chorus,club,0.3245041660865857,0.26206545787460184,0.9304386307716603,0.8457949358131206,0.9333333333333332,8
Avicii_-_Levels_-_Radio_Edit,03_chorus,concert,0.33082732260165804,0.3320824431828201,0.9987431478898134,0.9131051982052294,0.9333333333333332,19
Avicii_-_Levels_-_Radio_Edit,03_chorus,led_bars,0.3273722911486951,0.3333085377403991,0.9999741938638828,0.9137423805160941,0.9333333333333332,21
Avicii_-_Levels_-_Radio_Edit,03_chorus,reference,1.0,1.0,1.0,1.0,1.0,33
Avicii_-_Levels_-_Radio_Edit,04_inst,direct_club,0.2706885678071711,0.18785599266859965,0.49885696068040425,0.6118570881975315,0.8666666666666667,8
Avicii_-_Levels_-_Radio_Edit,04_inst,club,0.64897819098426,0.5241687576645249,0.8608977027894422,0.60265332856779,0.8666666666666667,8
Avicii_-_Levels_-_Radio_Edit,04_inst,concert,0.6616401968802988,0.6641786736961222,0.9975005088828798,0.7513252514635086,0.8666666666666667,19
Avicii_-_Levels_-_Radio_Edit,04_inst,led_bars,0.6547463472743122,0.6666147289687337,0.9999455898996614,0.7901152320713454,0.8666666666666667,21
Avicii_-_Levels_-_Radio_Edit,04_inst,reference,1.0,0.9999999999999999,0.9999999999999999,1.0,1.0,33
Avicii_-_Levels_-_Radio_Edit,05_chorus,direct_club,0.40608334475242797,0.28176544367093664,0.24821345516434276,0.5563531261759915,0.5508690241956186,8
Avicii_-_Levels_-_Radio_Edit,05_chorus,club,0.9734879646836013,0.7862342155391268,0.7912462442389082,0.567489423293058,0.32239705148838577,8
Avicii_-_Levels_-_Radio_Edit,05_chorus,concert,0.9924526935843031,0.9962611168789423,0.9962436567726932,0.7256235463001696,0.33946930186045104,19
Avicii_-_Levels_-_Radio_Edit,05_chorus,led_bars,0.982107371728695,0.9999232667091328,0.9999197874774781,0.7710113000877991,0.32864876578999874,21
Avicii_-_Levels_-_Radio_Edit,05_chorus,reference,1.0,0.9999999999999997,0.9999999999999997,1.0,1.0,33
Avicii_-_Levels_-_Radio_Edit,06_inst,direct_club,0.40605374578359116,0.2818990705571742,0.24845555517076812,0.550879928378064,0.39307530913002475,8
Avicii_-_Levels_-_Radio_Edit,06_inst,club,0.9734168502625752,0.786308331620258,0.7914688249925265,0.5251185739907472,0.5267156918879731,8
Avicii_-_Levels_-_Radio_Edit,06_inst,concert,0.9924773444482002,0.9962340194778622,0.9962169924740599,0.6774561872855319,0.5323058338931749,19
Avicii_-_Levels_-_Radio_Edit,06_inst,led_bars,0.9821658075819458,0.9999191242128459,0.9999144060450527,0.7105988214916868,0.525998285607587,21
Avicii_-_Levels_-_Radio_Edit,06_inst,reference,1.0,0.9999999999999997,0.9999999999999997,1.0,1.0,33
Avicii_-_Levels_-_Radio_Edit,07_chorus,direct_club,0.764008797944063,0.7203248833167977,0.6497814950990811,0.7398476507661322,0.3257249395919457,8
Avicii_-_Levels_-_Radio_Edit,07_chorus,club,0.990696518395496,0.9247471148161416,0.9221518642997003,0.7949333744619529,0.5551790655942409,8
Avicii_-_Levels_-_Radio_Edit,07_chorus,concert,0.9971436916332169,0.9986463807695194,0.9925107196808511,0.8780490105345672,0.5550964961554155,19
Avicii_-_Levels_-_Radio_Edit,07_chorus,led_bars,0.9911544475226356,0.9999655218912152,0.9938426566777254,0.8829517106819177,0.5503838098471219,21
Avicii_-_Levels_-_Radio_Edit,07_chorus,reference,1.0,1.0,1.0,1.0,1.0,33
Bilderbuch_-_Maschin,01_intro,direct_club,0.0,0.0,1.0,1.0,1.0,8
Bilderbuch_-_Maschin,01_intro,club,0.0,0.0,1.0,1.0,1.0,8
Bilderbuch_-_Maschin,01_intro,concert,0.0,0.0,1.0,1.0,1.0,19
Bilderbuch_-_Maschin,01_intro,led_bars,0.0,0.0,1.0,1.0,1.0,21
Bilderbuch_-_Maschin,01_intro,reference,1.0,1.0,1.0,1.0,1.0,33
Bilderbuch_-_Maschin,02_intro,direct_club,0.2567670056150924,0.16856632698573967,0.5127640418005569,0.6196358327827682,0.8177944695612945,8
Bilderbuch_-_Maschin,02_intro,club,0.6471901225424489,0.5449686771068435,0.8822163748107604,0.5825190134319446,0.5922158750018379,8
Bilderbuch_-_Maschin,02_intro,concert,0.6610036144064305,0.66426243234594,0.9975980357577424,0.7644217768838142,0.6351270131388805,19
Bilderbuch_-_Maschin,02_intro,led_bars,0.6516938020834837,0.6666200101661103,0.9999513811753046,0.7727920808659027,0.6295323190474923,21
Bilderbuch_-_Maschin,02_intro,reference,0.9999999999999999,1.0,1.0,1.0,1.0,33
Bilderbuch_-_Maschin,03_verse,direct_club,0.42470002404155927,0.28038480934896565,0.25610434801806964,0.3622176806692463,0.8000000000000002,8
Bilderbuch_-_Maschin,03_verse,club,0.9740613417580374,0.7874783184749469,0.7924371227797159,0.5496150993297217,0.8000000000000002,8
Bilderbuch_-_Maschin,03_verse,concert,0.9928306713282374,0.9961147443163071,0.9961189610653657,0.7432804429793048,0.8000000000000002,19
Bilderbuch_-_Maschin,03_verse,led_bars,0.9818243132733183,0.9999198529301655,0.9999158067348605,0.772356152104246,0.8000000000000002,21
Bilderbuch_-_Maschin,03_verse,reference,1.0,0.9999999999999997,0.9999999999999997,1.0,1.0,33
Bilderbuch_-_Maschin,04_verse,direct_club,0.2881275360060311,0.18975054482629225,0.4963688357797787,0.6281460511369691,0.8666666666666667,8
Bilderbuch_-_Maschin,04_verse,club,0.6476209738706409,0.5235867370531676,0.8602479691351365,0.853117714684909,0.8666666666666667,8
Bilderbuch_-_Maschin,04_verse,concert,0.6615176822764691,0.6644042484755378,0.9977383364591965,0.8939220212251371,0.8666666666666667,19
Bilderbuch_-_Maschin,04_verse,led_bars,0.6538253252453489,0.6666174786961455,0.9999479124619214,0.8949917531833097,0.8666666666666667,21
Bilderbuch_-_Maschin,04_verse,reference,1.0,1.0,1.0,1.0,1.0,33
Bilderbuch_-_Maschin,05_chorus,direct_club,0.425556164501951,0.2595266718897001,0.2505159319124239,0.5647322992518767,0.8000000000000002,8
Bilderbuch_-_Maschin,05_chorus,club,0.9714316089475522,0.8065227986419524,0.8104847294006805,0.6015769456329861,0.8000000000000002,8
Bilderbuch_-_Maschin,05_chorus,concert,0.9921241592809364,0.9965030764209996,0.9965041760568356,0.7471458268027127,0.8000000000000002,19
Bilderbuch_-_Maschin,05_chorus,led_bars,0.979224015685188,0.9999210846401273,0.9999158403476219,0.7798735793015282,0.8000000000000002,21
Bilderbuch_-_Maschin,05_chorus,reference,1.0,1.0,1.0,1.0,1.0,33
Bilderbuch_-_Maschin,06_chorus,direct_club,0.5313585293477633,0.3333333333333333,0.6666666666666666,0.5636377342939037,0.8000000000000002,8
Bilderbuch_-_Maschin,06_chorus,club,0.9670993715883585,0.0,0.6666666666666666,0.5848905789410933,0.9333333333333332,8
Bilderbuch_-_Maschin,06_chorus,concert,0.9973537824656735,0.3333333333333333,1.0,0.7221326178669923,0.8000000000000002,19
Bilderbuch_-_Maschin,06_chorus,led_bars,0.32823825863722733,0.3333333333333333,1.0,0.6438936294555087,0.8000000000000002,21
Bilderbuch_-_Maschin,06_chorus,reference,1.0,1.0,1.0,1.0,1.0,33
Billie_Eilish_-_Therefore_I_Am,02_chorus,direct_club,0.45021925856185757,0.2756091307541981,0.23586988263307096,0.41919056006751276,0.8000000000000002,8
Billie_Eilish_-_Therefore_I_Am,02_chorus,club,0.9760806510866398,0.8333896178791163,0.8364349756082436,0.49027138899060657,0.8000000000000002,8
Billie_Eilish_-_Therefore_I_Am,02_chorus,concert,0.9935765554211096,0.9967443876937576,0.9967435366363756,0.6761856259570155,0.8000000000000002,19
Billie_Eilish_-_Therefore_I_Am,02_chorus,led_bars,0.9830133321963647,0.9999345577100619,0.9999318108060701,0.719505894323901,0.8000000000000002,21
Billie_Eilish_-_Therefore_I_Am,02_chorus,reference,0.9999999999999997,1.0,1.0,1.0,1.0,33
Billie_Eilish_-_Therefore_I_Am,03_verse,direct_club,0.44342690895011105,0.2669390748439146,0.23375732587907258,0.4133965973496128,0.8000000000000002,8
Billie_Eilish_-_Therefore_I_Am,03_verse,club,0.9754097620131675,0.8221493558554718,0.8252080744833875,0.4047519858402282,0.8000000000000002,8
Billie_Eilish_-_Therefore_I_Am,03_verse,concert,0.9933119072101627,0.9964724920623654,0.996471914113588,0.5865410322901695,0.8000000000000002,19
Billie_Eilish_-_Therefore_I_Am,03_verse,led_bars,0.9823024289337234,0.999930733177537,0.9999278395016744,0.6481845909393035,0.8000000000000002,21
Billie_Eilish_-_Therefore_I_Am,03_verse,reference,1.0,0.9999999999999997,0.9999999999999997,1.0,1.0,33
Billie_Eilish_-_Therefore_I_Am,04_chorus,direct_club,0.4039838427904053,0.27904734141938814,0.24691094143602346,0.710571010126022,0.8000000000000002,8
Billie_Eilish_-_Therefore_I_Am,04_chorus,club,0.9733852212965592,0.7863344501093175,0.7914571089368198,0.7612086211212109,0.8000000000000002,8
Billie_Eilish_-_Therefore_I_Am,04_chorus,concert,0.9924783676555728,0.996194028430118,0.9961821767320199,0.8844180998635806,0.8000000000000002,19
Billie_Eilish_-_Therefore_I_Am,04_chorus,led_bars,0.9819148279001472,0.9999231533297657,0.999919238071833,0.8976435333238532,0.8000000000000002,21
Billie_Eilish_-_Therefore_I_Am,04_chorus,reference,0.9999999999999999,1.0,1.0,1.0,1.0,33
Billie_Eilish_-_Therefore_I_Am,05_verse,direct_club,0.2855536555519694,0.19006236981600352,0.49302886846410887,0.731790806951346,0.8666666666666667,8
Billie_Eilish_-_Therefore_I_Am,05_verse,club,0.6479835337396075,0.5248479568674846,0.8613428023553334,0.7246635379888214,0.8666666666666667,8
Billie_Eilish_-_Therefore_I_Am,05_verse,concert,0.6615839328176225,0.6642392818721721,0.9975691411061541,0.8023907653131822,0.8666666666666667,19
Billie_Eilish_-_Therefore_I_Am,05_verse,led_bars,0.6537687224656881,0.6666138585894584,0.9999442292939871,0.8236345584732195,0.8666666666666667,21
Billie_Eilish_-_Therefore_I_Am,05_verse,reference,0.9999999999999999,0.9999999999999999,0.9999999999999999,1.0,1.0,33
Billie_Eilish_-_all_the_good_girls_go_to_hell,01_start,direct_club,0.33331268512156115,0.33330618635373693,0.832925101520036,0.9995973178115052,0.9333333333333332,8
Billie_Eilish_-_all_the_good_girls_go_to_hell,01_start,club,0.3333329929910319,0.3333312989127815,0.977613868455359,0.9974006075786749,0.9333333333333332,8
Billie_Eilish_-_all_the_good_girls_go_to_hell,01_start,concert,0.3333330031988383,0.33333124065101727,0.9675252491966129,0.996584333970504,0.9333333333333332,19
Billie_Eilish_-_all_the_good_girls_go_to_hell,01_start,led_bars,0.3333330031976733,0.33333124064515973,0.9675254495468365,0.9965843352459366,0.9333333333333332,21
Billie_Eilish_-_all_the_good_girls_go_to_hell,01_start,reference,1.0,1.0,1.0,1.0,1.0,33
Billie_Eilish_-_all_the_good_girls_go_to_hell,02_intro,direct_club,0.2485454073559279,0.21757416604611826,0.751945561409717,0.9244448421788195,0.560826081031628,8
Billie_Eilish_-_all_the_good_girls_go_to_hell,02_intro,club,0.33293768708364224,0.3204716219721562,0.9839729264745003,0.9243040461930624,0.9333333333333332,8
Billie_Eilish_-_all_the_good_girls_go_to_hell,02_intro,concert,0.33330898159467354,0.3333313798355812,0.9998317020756705,0.9745160729863289,0.6012046641233068,19
Billie_Eilish_-_all_the_good_girls_go_to_hell,02_intro,led_bars,0.3332987434129712,0.3333314436026607,0.9999965820523918,0.997738530207202,0.5953918732864115,21
Billie_Eilish_-_all_the_good_girls_go_to_hell,02_intro,reference,1.0,1.0,1.0,1.0,1.0,33
Billie_Eilish_-_all_the_good_girls_go_to_hell,03_verse,direct_club,0.4649650006661188,0.25576020559660456,0.2086804671963378,0.585174681095154,0.3279328774689351,8
Billie_Eilish_-_all_the_good_girls_go_to_hell,03_verse,club,0.9757098968507997,0.841297241878545,0.8441505226380519,0.6378012812259671,0.5202459782392577,8
Billie_Eilish_-_all_the_good_girls_go_to_hell,03_verse,concert,0.9932709842738596,0.9967583365587359,0.9967574137212173,0.7778422511062092,0.5131205765697859,19
Billie_Eilish_-_all_the_good_girls_go_to_hell,03_verse,led_bars,0.9824683394690391,0.999932095944224,0.9999286010474856,0.806849748063219,0.5013834984187086,21
Billie_Eilish_-_all_the_good_girls_go_to_hell,03_verse,reference,0.9999999999999997,1.0,1.0,1.0,1.0,33
Billie_Eilish_-_all_the_good_girls_go_to_hell,04_verse,direct_club,0.6446290179982939,0.5051162733048219,0.47349381362804205,0.8017345993629506,0.8000000000000002,8
Billie_Eilish_-_all_the_good_girls_go_to_hell,04_verse,club,0.9838764720184022,0.5611029183869735,0.8963423293171301,0.8003735791446712,0.8000000000000002,8
Billie_Eilish_-_all_the_good_girls_go_to_hell,04_verse,concert,0.9955146372493351,0.664510292326458,0.9978421823518225,0.8581143833853848,0.8000000000000002,19
Billie_Eilish_-_all_the_good_girls_go_to_hell,04_verse,led_bars,0.3217031511733904,0.6666219252254052,0.9999526108169481,0.8678543457090555,0.8000000000000002,21
Billie_Eilish_-_all_the_good_girls_go_to_hell,04_verse,reference,0.9999999999999999,0.9999999999999999,0.9999999999999999,1.0,1.0,33
Billie_Eilish_-_all_the_good_girls_go_to_hell,05_verse,direct_club,0.4008472318250285,0.26084180186576167,0.27425797771166344,1.0,0.8000000000000002,8
Billie_Eilish_-_all_the_good_girls_go_to_hell,05_verse,club,0.9700786290613744,0.8190139224730818,0.824606412544465,1.0,0.8000000000000002,8
Billie_Eilish_-_all_the_good_girls_go_to_hell,05_verse,concert,0.9916860946682756,0.9964235501995907,0.996420464705566,1.0,0.8000000000000002,19
Billie_Eilish_-_all_the_good_girls_go_to_hell,05_verse,led_bars,0.9780146837656613,0.9999341973973052,0.9999298446711246,1.0,0.8000000000000002,21
Billie_Eilish_-_all_the_good_girls_go_to_hell,05_verse,reference,1.0,1.0,1.0,1.0,1.0,33
Billie_Eilish_-_bad_guy,01_intro,direct_club,0.5645488694067168,0.5647479822400662,0.4598008787723307,0.5645122700380102,-0.33421609631810933,8
Billie_Eilish_-_bad_guy,01_intro,club,0.9868330948566871,0.6666663386250034,0.9999972589565145,0.9794410349527324,-0.3936519647333389,8
Billie_Eilish_-_bad_guy,01_intro,concert,0.9994810550132639,0.6666663061887562,0.9999971650105876,0.995813364545941,-0.39562888664048246,19
Billie_Eilish_-_bad_guy,01_intro,led_bars,0.9998171824261625,0.6666663057443524,0.9999971676187652,0.9963260052148483,-0.3957695247579593,21
Billie_Eilish_-_bad_guy,01_intro,reference,1.0,1.0,1.0,1.0,0.9999999999999999,33
Billie_Eilish_-_bad_guy,02_verse,direct_club,0.4023361207409962,0.15319963212524296,0.4192196727856195,0.4416646455521158,0.6127134140328144,8
Billie_Eilish_-_bad_guy,02_verse,club,0.927778298411814,0.6666664344441289,0.9999995242609175,0.9349222020902855,0.3118914656764308,8
Billie_Eilish_-_bad_guy,02_verse,concert,0.9901275908550985,0.9999997403756907,0.9999994584927338,0.9932993945095504,0.23610054330280128,19
Billie_Eilish_-_bad_guy,02_verse,led_bars,0.9906877619292609,0.9999997403761114,0.999999462576142,0.9952354491442952,0.23431170331809473,21
Billie_Eilish_-_bad_guy,02_verse,reference,1.0,1.0,1.0,1.0,1.0,33
Billie_Eilish_-_bad_guy,03_verse,direct_club,0.6830813350850434,0.577577530321193,0.3194978175833185,0.6836620423666867,-0.2061237529366978,8
Billie_Eilish_-_bad_guy,03_verse,club,0.9967883974089938,0.9999994678717288,0.9999986394809025,0.9939270242505428,-0.388809452527712,8
Billie_Eilish_-_bad_guy,03_verse,concert,0.9998955675750767,0.9999993387961169,0.999998426197893,0.9979816623876214,-0.3934286525322974,19
Billie_Eilish_-_bad_guy,03_verse,led_bars,0.9999161298365186,0.999999338896477,0.9999984328183839,0.9980345855812152,-0.3935845884223794,21
Billie_Eilish_-_bad_guy,03_verse,reference,1.0,1.0,1.0,1.0,1.0,33
Billie_Eilish_-_bad_guy,04_verse,direct_club,0.10407210032861618,0.23694374874078714,0.4603842245997309,0.10403764870057591,-0.0962950895751969,8
Billie_Eilish_-_bad_guy,04_verse,club,0.9434383300254354,0.9999997786911634,0.9999994700898233,0.8573520291716169,-0.7705457562515446,8
Billie_Eilish_-_bad_guy,04_verse,concert,0.9989190246219898,0.9999997654694569,0.9999994422619242,0.9841985488337709,-0.9160662245342562,19
Billie_Eilish_-_bad_guy,04_verse,led_bars,0.9988992969211715,0.9999997648627826,0.9999994433225847,0.9875315643786046,-0.9167059705183037,21
Billie_Eilish_-_bad_guy,04_verse,reference,0.9999999999999999,1.0,1.0,0.9999999999999999,1.0,33
Billie_Eilish_-_bad_guy,05_inst,direct_club,0.8860259985119224,0.8502161064439892,0.7678497660713504,0.8861510627312853,0.3162558920004465,8
Billie_Eilish_-_bad_guy,05_inst,club,0.9988124761723455,0.33333315068749636,0.999999535813513,0.9973915431389964,0.20707761854317341,8
Billie_Eilish_-_bad_guy,05_inst,concert,0.9998645234157726,0.3333331133782585,0.9999995228109642,0.9996247057957742,0.20403976307339253,19
Billie_Eilish_-_bad_guy,05_inst,led_bars,-0.3333451990384229,0.9999997805615211,0.9999995269058194,0.999668325414628,0.204001572940656,21
Billie_Eilish_-_bad_guy,05_inst,reference,1.0,1.0,1.0,1.0,1.0,33
Billie_Eilish_-_bad_guy,06_chorus,direct_club,0.5913598515278048,0.5710395061482956,0.6259732271324796,0.5913800495490208,0.01291842591343421,8
Billie_Eilish_-_bad_guy,06_chorus,club,0.9881224677256361,0.3333331330284495,0.9999994810333409,0.9796122908419992,-0.3559045843372098,8
Billie_Eilish_-_bad_guy,06_chorus,concert,0.9996876363930078,0.3333331309209157,0.9999994411219402,0.9962377203629962,-0.3818570638473593,19
Billie_Eilish_-_bad_guy,06_chorus,led_bars,0.333085715338058,0.666666464254249,0.9999994406908274,0.9975546689423472,-0.3818179330973052,21
Billie_Eilish_-_bad_guy,06_chorus,reference,1.0,1.0,1.0,1.0,1.0,33
Billie_Eilish_-_you_should_see_me_in_a_crown,02_intro,direct_club,0.0,0.0,1.0,0.8666666666666667,1.0,8
Billie_Eilish_-_you_should_see_me_in_a_crown,02_intro,club,0.0,0.0,1.0,0.8666666666666667,1.0,8
Billie_Eilish_-_you_should_see_me_in_a_crown,02_intro,concert,0.0,0.0,1.0,0.8666666666666667,1.0,19
Billie_Eilish_-_you_should_see_me_in_a_crown,02_intro,led_bars,0.0,0.0,1.0,0.8666666666666667,1.0,21
Billie_Eilish_-_you_should_see_me_in_a_crown,02_intro,reference,1.0,1.0,1.0,1.0,1.0,33
Billie_Eilish_-_you_should_see_me_in_a_crown,03_verse,direct_club,0.4393457758058139,0.3879761591850908,0.7401279158798975,0.8666666666666667,0.8666666666666667,8
Billie_Eilish_-_you_should_see_me_in_a_crown,03_verse,club,0.6572384215473451,0.25956303084128857,0.9279467656320377,0.8666666666666667,0.8666666666666667,8
Billie_Eilish_-_you_should_see_me_in_a_crown,03_verse,concert,0.66379413880212,0.3320916110412706,0.9987519948642717,0.8666666666666667,0.8666666666666667,19
Billie_Eilish_-_you_should_see_me_in_a_crown,03_verse,led_bars,-0.008349983572600639,0.6666423031786625,0.9999748008889023,0.8666666666666667,0.8666666666666667,21
Billie_Eilish_-_you_should_see_me_in_a_crown,03_verse,reference,1.0,1.0,1.0,1.0,1.0,33
Billie_Eilish_-_you_should_see_me_in_a_crown,04_verse,direct_club,0.5464900265542554,0.44346769410382353,0.4828739095398702,0.7918551036920837,0.8000000000000002,8
Billie_Eilish_-_you_should_see_me_in_a_crown,04_verse,club,0.9811308338012186,0.5183864480959679,0.8551824200101694,0.815032113277499,0.8000000000000002,8
Billie_Eilish_-_you_should_see_me_in_a_crown,04_verse,concert,0.9942876089583604,0.6641522817396842,0.997471724084519,0.9045170333859947,0.8000000000000002,19
Billie_Eilish_-_you_should_see_me_in_a_crown,04_verse,led_bars,0.3165371411583806,0.9999535274473071,0.9999509019108176,0.9074295835319252,0.8000000000000002,21
Billie_Eilish_-_you_should_see_me_in_a_crown,04_verse,reference,1.0,1.0,1.0,1.0,1.0,33
Billie_Eilish_-_you_should_see_me_in_a_crown,05_chorus,direct_club,0.4312659465548531,0.2893630290917858,0.24792349305952346,0.8666666666666667,0.8000000000000002,8
Billie_Eilish_-_you_should_see_me_in_a_crown,05_chorus,club,0.9714908775360057,0.7848549888628146,0.7897716127853304,0.9333333333333332,0.8000000000000002,8
Billie_Eilish_-_you_should_see_me_in_a_crown,05_chorus,concert,0.9922162078436525,0.9966575366597161,0.9966500251860159,0.9333333333333332,0.8000000000000002,19
Billie_Eilish_-_you_should_see_me_in_a_crown,05_chorus,led_bars,0.9807383061024074,0.9999146726973365,0.999911775118593,0.9333333333333332,0.8000000000000002,21
Billie_Eilish_-_you_should_see_me_in_a_crown,05_chorus,reference,1.0,1.0,1.0,1.0,1.0,33
Billie_Eilish_-_you_should_see_me_in_a_crown,06_verse,direct_club,0.10600715729192754,0.05464032241135419,0.7401382924666455,1.0,0.9333333333333332,8
Billie_Eilish_-_you_should_see_me_in_a_crown,06_verse,club,0.3239239965764476,0.25956303084128857,0.9279226211958868,1.0,0.9333333333333332,8
Billie_Eilish_-_you_should_see_me_in_a_crown,06_verse,concert,0.3305059005661034,0.3320916110412706,0.9987519948642717,1.0,0.9333333333333332,19
Billie_Eilish_-_you_should_see_me_in_a_crown,06_verse,led_bars,0.3249697741991831,0.33330896984532915,0.9999748009084658,1.0,0.9333333333333332,21
Billie_Eilish_-_you_should_see_me_in_a_crown,06_verse,reference,1.0,1.0,1.0,1.0,1.0,33
Billie_Eilish_-_you_should_see_me_in_a_crown,07_verse,direct_club,0.3186429348415554,0.17080082416779852,0.24151008618111666,1.0,0.8000000000000002,8
Billie_Eilish_-_you_should_see_me_in_a_crown,07_verse,club,0.971820238457544,0.7730784531466682,0.778629520761096,1.0,0.8000000000000002,8
Billie_Eilish_-_you_should_see_me_in_a_crown,07_verse,concert,0.9913927231923916,0.9960381571539539,0.9960191752874973,1.0,0.8000000000000002,19
Billie_Eilish_-_you_should_see_me_in_a_crown,07_verse,led_bars,0.9740912378832102,0.9999238520504939,0.9999213169455116,1.0,0.8000000000000002,21
Billie_Eilish_-_you_should_see_me_in_a_crown,07_verse,reference,0.9999999999999997,0.9999999999999999,0.9999999999999999,1.0,1.0,33
Boris_Brejcha_Arctic_Lake_-_House_Music_feat_Arctic_Lake_feat_Arctic_Lake_-_Edit,01_start,direct_club,0.333227528054625,0.3332029772069518,0.8893282544403478,0.8666666666666667,0.9333333333333332,8
Boris_Brejcha_Arctic_Lake_-_House_Music_feat_Arctic_Lake_feat_Arctic_Lake_-_Edit,01_start,club,0.3333328277295548,0.333331110604793,0.9951316352294008,0.8666666666666667,0.9333333333333332,8
Boris_Brejcha_Arctic_Lake_-_House_Music_feat_Arctic_Lake_feat_Arctic_Lake_-_Edit,01_start,concert,0.33333304013100434,0.33333068225405255,0.9932492605259399,0.8666666666666667,0.9333333333333332,19
Boris_Brejcha_Arctic_Lake_-_House_Music_feat_Arctic_Lake_feat_Arctic_Lake_-_Edit,01_start,led_bars,0.33333304012857556,0.3333306824273099,0.9932493514183283,0.8666666666666667,0.9333333333333332,21
Boris_Brejcha_Arctic_Lake_-_House_Music_feat_Arctic_Lake_feat_Arctic_Lake_-_Edit,01_start,reference,1.0,1.0,1.0,1.0,1.0,33
Boris_Brejcha_Arctic_Lake_-_House_Music_feat_Arctic_Lake_feat_Arctic_Lake_-_Edit,02_intro,direct_club,0.40364398666738355,0.2790976816880713,0.24719408006226798,0.8000000000000002,0.8000000000000002,8
Boris_Brejcha_Arctic_Lake_-_House_Music_feat_Arctic_Lake_feat_Arctic_Lake_-_Edit,02_intro,club,0.9732838646614242,0.7861936595303524,0.7914843725273828,0.8000000000000002,0.8000000000000002,8
Boris_Brejcha_Arctic_Lake_-_House_Music_feat_Arctic_Lake_feat_Arctic_Lake_-_Edit,02_intro,concert,0.992505370329439,0.9961299287640006,0.9961120543645839,0.8000000000000002,0.8000000000000002,19
Boris_Brejcha_Arctic_Lake_-_House_Music_feat_Arctic_Lake_feat_Arctic_Lake_-_Edit,02_intro,led_bars,0.9820029934194531,0.9999202980185018,0.9999148427796968,0.8000000000000002,0.8000000000000002,21
Boris_Brejcha_Arctic_Lake_-_House_Music_feat_Arctic_Lake_feat_Arctic_Lake_-_Edit,02_intro,reference,1.0,1.0,1.0,1.0,1.0,33
Boris_Brejcha_Arctic_Lake_-_House_Music_feat_Arctic_Lake_feat_Arctic_Lake_-_Edit,03_intro,direct_club,0.44366684436966625,0.2656519155877139,0.23182894642259946,0.5502208519805798,0.8000000000000002,8
Boris_Brejcha_Arctic_Lake_-_House_Music_feat_Arctic_Lake_feat_Arctic_Lake_-_Edit,03_intro,club,0.9753644930033838,0.8209939631151841,0.8242407013427253,0.5854629261060751,0.8000000000000002,8
Boris_Brejcha_Arctic_Lake_-_House_Music_feat_Arctic_Lake_feat_Arctic_Lake_-_Edit,03_intro,concert,0.9933260371181017,0.996452481096886,0.9964439573684923,0.7147667049457361,0.8000000000000002,19
Boris_Brejcha_Arctic_Lake_-_House_Music_feat_Arctic_Lake_feat_Arctic_Lake_-_Edit,03_intro,led_bars,0.9823835205819219,0.9999272969030608,0.9999245537484184,0.7523697535244537,0.8000000000000002,21
Boris_Brejcha_Arctic_Lake_-_House_Music_feat_Arctic_Lake_feat_Arctic_Lake_-_Edit,03_intro,reference,0.9999999999999997,1.0,1.0,1.0,1.0,33
Boris_Brejcha_Arctic_Lake_-_House_Music_feat_Arctic_Lake_feat_Arctic_Lake_-_Edit,04_verse,direct_club,0.26871485667979056,0.18566636897261554,0.49799643744206357,0.5981486028947429,0.8666666666666667,8
Boris_Brejcha_Arctic_Lake_-_House_Music_feat_Arctic_Lake_feat_Arctic_Lake_-_Edit,04_verse,club,0.6489258156876151,0.523855108367273,0.8605560971978656,0.6173332754505825,0.8666666666666667,8
Boris_Brejcha_Arctic_Lake_-_House_Music_feat_Arctic_Lake_feat_Arctic_Lake_-_Edit,04_verse,concert,0.6616222023087386,0.6641698259531557,0.9974910910983829,0.7615828270144127,0.8666666666666667,19
Boris_Brejcha_Arctic_Lake_-_House_Music_feat_Arctic_Lake_feat_Arctic_Lake_-_Edit,04_verse,led_bars,0.6544921560601461,0.666616661655788,0.9999480275620094,0.8028850482947538,0.8666666666666667,21
Boris_Brejcha_Arctic_Lake_-_House_Music_feat_Arctic_Lake_feat_Arctic_Lake_-_Edit,04_verse,reference,1.0,1.0,1.0,1.0,1.0,33
Boris_Brejcha_Arctic_Lake_-_House_Music_feat_Arctic_Lake_feat_Arctic_Lake_-_Edit,05_chorus,direct_club,0.3088301127565067,0.17228888258553796,0.4751659362493957,0.6167383182619152,0.8666666666666667,8
Boris_Brejcha_Arctic_Lake_-_House_Music_feat_Arctic_Lake_feat_Arctic_Lake_-_Edit,05_chorus,club,0.6506545757985843,0.5617066651988898,0.8969930599384605,0.6384084517226304,0.8666666666666667,8
Boris_Brejcha_Arctic_Lake_-_House_Music_feat_Arctic_Lake_feat_Arctic_Lake_-_Edit,05_chorus,concert,0.6622192180731966,0.6644988455759966,0.9978309646501806,0.7772589740536646,0.8666666666666667,19
Boris_Brejcha_Arctic_Lake_-_House_Music_feat_Arctic_Lake_feat_Arctic_Lake_-_Edit,05_chorus,led_bars,0.6550147725631493,0.6666199770094428,0.9999515878883375,0.8137235448612202,0.8666666666666667,21
Boris_Brejcha_Arctic_Lake_-_House_Music_feat_Arctic_Lake_feat_Arctic_Lake_-_Edit,05_chorus,reference,1.0,1.0,1.0,1.0,1.0,33
Boris_Brejcha_Arctic_Lake_-_House_Music_feat_Arctic_Lake_feat_Arctic_Lake_-_Edit,06_chorus,direct_club,0.2697643674715832,0.1872475722907232,0.49590672193329244,0.8666666666666667,0.8666666666666667,8
Boris_Brejcha_Arctic_Lake_-_House_Music_feat_Arctic_Lake_feat_Arctic_Lake_-_Edit,06_chorus,club,0.6483669974862857,0.5230903745378431,0.860093545634602,0.8666666666666667,0.8666666666666667,8
Boris_Brejcha_Arctic_Lake_-_House_Music_feat_Arctic_Lake_feat_Arctic_Lake_-_Edit,06_chorus,concert,0.6616367781085357,0.6640660660599674,0.9973869913821153,0.8666666666666667,0.8666666666666667,19
Boris_Brejcha_Arctic_Lake_-_House_Music_feat_Arctic_Lake_feat_Arctic_Lake_-_Edit,06_chorus,led_bars,0.654370655286197,0.6666155806754269,0.9999453588608338,0.8666666666666667,0.8666666666666667,21
Boris_Brejcha_Arctic_Lake_-_House_Music_feat_Arctic_Lake_feat_Arctic_Lake_-_Edit,06_chorus,reference,1.0,1.0,1.0,1.0,1.0,33
Coldplay_-_A_Sky_Full_of_Stars,02_intro,direct_club,0.41987566678470567,0.2590197194636926,0.24359523432107136,0.45834851539760635,0.6988722596445066,8
Coldplay_-_A_Sky_Full_of_Stars,02_intro,club,0.9752038205596735,0.8053008061221113,0.8095111500997904,0.32160418554298403,0.3325703461494957,8
Coldplay_-_A_Sky_Full_of_Stars,02_intro,concert,0.9930746962148925,0.996387005582705,0.9963758418125196,0.564805964779092,0.3420664886928555,19
Coldplay_-_A_Sky_Full_of_Stars,02_intro,led_bars,0.982953347933508,0.9999262938933585,0.9999237449639343,0.6333711755984007,0.34232955504897594,21
Coldplay_-_A_Sky_Full_of_Stars,02_intro,reference,1.0,1.0,1.0,1.0,1.0,33
